id,city,state,2016_estimate,2010,2016 area,density,location
1,New York[6], New York,"8,537,673","8,175,133",780.9 km2,"10,933/km2",40.6635°N 73.9387°W
2,Los Angeles, California,"3,976,322","3,792,621","1,213.9 km2","3,276/km2",34.0194°N 118.4108°W
3,Chicago, Illinois,"2,704,958","2,695,598",588.7 km2,"4,600/km2",41.8376°N 87.6818°W
4,Houston[7], Texas,"2,303,482","2,100,263","1,651.1 km2","1,395/km2",29.7866°N 95.3909°W
5,Phoenix, Arizona,"1,615,017","1,445,632","1,340.6 km2","1,200/km2",33.5722°N 112.0901°W
6,Philadelphia[8], Pennsylvania,"1,567,872","1,526,006",347.6 km2,"4,511/km2",40.0094°N 75.1333°W
7,San Antonio, Texas,"1,492,510","1,327,407","1,194.0 km2","1,250/km2",29.4724°N 98.5251°W
8,San Diego, California,"1,406,630","1,307,402",842.3 km2,"1,670/km2",32.8153°N 117.1350°W
9,Dallas, Texas,"1,317,929","1,197,816",882.9 km2,"1,493/km2",32.7933°N 96.7665°W
10,San Jose, California,"1,025,350","945,942",459.7 km2,"2,231/km2",37.2967°N 121.8189°W
11,Austin, Texas,"947,890","790,390",809.9 km2,"1,170/km2",30.3039°N 97.7544°W
12,Jacksonville[9], Florida,"880,619","821,784","1,935.8 km2",455/km2,30.3369°N 81.6616°W
13,San Francisco[10], California,"870,887","805,235",121.5 km2,"7,170/km2",37.7272°N 123.0322°W
14,Columbus, Ohio,"860,090","787,033",565.9 km2,"1,520/km2",39.9852°N 82.9848°W
15,Indianapolis[11], Indiana,"855,164","820,445",936.3 km2,914/km2,39.7767°N 86.1459°W
16,Fort Worth, Texas,"854,113","741,206",888.1 km2,962/km2,32.7815°N 97.3467°W
17,Charlotte, North Carolina,"842,051","731,424",791.0 km2,"1,064/km2",35.2078°N 80.8310°W
18,Seattle, Washington,"704,352","608,660",217.0 km2,"3,245/km2",47.6205°N 122.3509°W
19,Denver[12], Colorado,"693,060","600,158",397.0 km2,"1,746/km2",39.7619°N 104.8811°W
20,El Paso, Texas,"683,080","649,121",665.1 km2,"1,030/km2",31.8484°N 106.4270°W
21,Washington[13], District of Columbia,"681,170","601,723",158.2 km2,"4,304/km2",38.9041°N 77.0172°W
22,Boston, Massachusetts,"673,184","617,594",125.1 km2,"5,381/km2",42.3320°N 71.0202°W
23,Detroit, Michigan,"672,795","713,777",359.5 km2,"1,871/km2",42.3830°N 83.1022°W
24,Nashville[14], Tennessee,"660,388","601,222","1,232.6 km2",536/km2,36.1718°N 86.7850°W
25,Memphis, Tennessee,"652,717","646,889",822.1 km2,794/km2,35.1028°N 89.9774°W
26,Portland, Oregon,"639,863","583,776",345.8 km2,"1,851/km2",45.5370°N 122.6500°W
27,Oklahoma City, Oklahoma,"638,367","579,999","1,570.3 km2",407/km2,35.4671°N 97.5137°W
28,Las Vegas, Nevada,"632,912","583,756",348.1 km2,"1,818/km2",36.2292°N 115.2601°W
29,Louisville[15], Kentucky,"616,261","597,337",682.5 km2,903/km2,38.1654°N 85.6474°W
30,Baltimore[16], Maryland,"614,664","620,961",209.5 km2,"2,934/km2",39.3000°N 76.6105°W
31,Milwaukee, Wisconsin,"595,047","594,833",249.2 km2,"2,388/km2",43.0633°N 87.9667°W
32,Albuquerque, New Mexico,"559,277","545,852",487.4 km2,"1,147/km2",35.1056°N 106.6474°W
33,Tucson, Arizona,"530,706","520,116",597.8 km2,888/km2,32.1531°N 110.8706°W
34,Fresno, California,"522,053","494,665",296.3 km2,"1,762/km2",36.7836°N 119.7934°W
35,Sacramento, California,"495,234","466,488",253.6 km2,"1,953/km2",38.5666°N 121.4686°W
36,Mesa, Arizona,"484,587","439,041",357.2 km2,"1,357/km2",33.4019°N 111.7174°W
37,Kansas City, Missouri,"481,420","459,787",815.8 km2,590/km2,39.1251°N 94.5510°W
38,Atlanta, Georgia,"472,522","420,003",345.8 km2,"1,366/km2",33.7629°N 84.4227°W
39,Long Beach, California,"470,130","462,257",130.3 km2,"3,609/km2",33.8092°N 118.1553°W
40,Colorado Springs, Colorado,"465,101","416,427",506.6 km2,918/km2,38.8673°N 104.7607°W
41,Raleigh, North Carolina,"458,880","403,892",375.8 km2,"1,221/km2",35.8306°N 78.6418°W
42,Miami, Florida,"453,579","399,457",93.2 km2,"4,865/km2",25.7752°N 80.2086°W
43,Virginia Beach[16], Virginia,"452,602","437,994",633.8 km2,710/km2,36.7800°N 76.0252°W
44,Omaha, Nebraska,"446,970","408,958",345.0 km2,"1,296/km2",41.2644°N 96.0451°W
45,Oakland, California,"420,005","390,724",144.8 km2,"2,901/km2",37.7698°N 122.2257°W
46,Minneapolis, Minnesota,"413,651","382,578",139.9 km2,"2,960/km2",44.9633°N 93.2683°W
47,Tulsa, Oklahoma,"403,090","391,906",509.7 km2,791/km2,36.1279°N 95.9023°W
48,Arlington, Texas,"392,772","365,438",248.1 km2,"1,600/km2",32.7007°N 97.1247°W
49,New Orleans[17], Louisiana,"391,495","343,829",438.7 km2,892/km2,30.0534°N 89.9345°W
50,Wichita, Kansas,"389,902","382,368",415.4 km2,939/km2,37.6907°N 97.3459°W
51,Cleveland, Ohio,"385,809","396,815",201.2 km2,"1,917/km2",41.4785°N 81.6794°W
52,Tampa, Florida,"377,165","335,709",293.7 km2,"1,284/km2",27.9701°N 82.4797°W
53,Bakersfield, California,"376,380","347,483",385.4 km2,976/km2,35.3212°N 119.0183°W
54,Aurora, Colorado,"361,710","325,078",397.6 km2,910/km2,39.6880°N 104.6897°W
55,Honolulu[2], Hawaii,"351,792","337,256",156.7 km2,"2,245/km2",21.3243°N 157.8476°W
56,Anaheim, California,"351,043","336,265",129.5 km2,"2,711/km2",33.8555°N 117.7601°W
57,Santa Ana, California,"334,217","324,528",70.2 km2,"4,762/km2",33.7363°N 117.8830°W
58,Corpus Christi, Texas,"325,733","305,215",452.2 km2,720/km2,27.7543°N 97.1734°W
59,Riverside, California,"324,722","303,871",210.3 km2,"1,544/km2",33.9381°N 117.3932°W
60,Lexington[18], Kentucky,"318,449","295,803",734.5 km2,434/km2,38.0407°N 84.4583°W
61,St. Louis[16], Missouri,"311,404","319,294",160.6 km2,"1,939/km2",38.6357°N 90.2446°W
62,Stockton, California,"307,072","291,707",159.8 km2,"1,922/km2",37.9763°N 121.3133°W
63,Pittsburgh, Pennsylvania,"303,625","305,704",143.5 km2,"2,116/km2",40.4398°N 79.9766°W
64,Saint Paul, Minnesota,"302,398","285,068",134.7 km2,"2,245/km2",44.9489°N 93.1041°W
65,Cincinnati, Ohio,"298,800","296,943",200.5 km2,"1,490/km2",39.1402°N 84.5058°W
66,Anchorage[19], Alaska,"298,192","291,826","4,420.1 km2",68/km2,61.1743°N 149.2843°W
67,Henderson, Nevada,"292,969","257,729",271.2 km2,"1,080/km2",36.0097°N 115.0357°W
68,Greensboro, North Carolina,"287,027","269,666",332.3 km2,864/km2,36.0951°N 79.8270°W
69,Plano, Texas,"286,057","259,841",185.7 km2,"1,540/km2",33.0508°N 96.7479°W
70,Newark, New Jersey,"281,764","277,140",62.4 km2,"4,514/km2",40.7242°N 74.1726°W
71,Lincoln, Nebraska,"280,364","258,379",238.5 km2,"1,175/km2",40.8105°N 96.6803°W
72,Toledo, Ohio,"278,508","287,208",209.0 km2,"1,332/km2",41.6641°N 83.5819°W
73,Orlando, Florida,"277,173","238,300",272.5 km2,"1,017/km2",28.4166°N 81.2736°W
74,Chula Vista, California,"267,172","243,916",128.5 km2,"2,080/km2",32.6277°N 117.0152°W
75,Irvine, California,"266,122","212,375",169.9 km2,"1,566/km2",33.6784°N 117.7713°W
76,Fort Wayne, Indiana,"264,488","253,691",286.5 km2,923/km2,41.0882°N 85.1439°W
77,Jersey City, New Jersey,"264,152","247,597",38.3 km2,"6,891/km2",40.7114°N 74.0648°W
78,Durham, North Carolina,"263,016","228,330",284.4 km2,925/km2,35.9811°N 78.9029°W
79,St. Petersburg, Florida,"260,999","244,769",160.1 km2,"1,631/km2",27.7620°N 82.6441°W
80,Laredo, Texas,"257,156","236,091",261.8 km2,982/km2,27.5604°N 99.4892°W
81,Buffalo, New York,"256,902","261,310",104.6 km2,"2,455/km2",42.8925°N 78.8597°W
82,Madison, Wisconsin,"252,551","233,209",199.4 km2,"1,270/km2",43.0878°N 89.4299°W
83,Lubbock, Texas,"252,506","229,573",322.7 km2,783/km2,33.5656°N 101.8867°W
84,Chandler, Arizona,"247,477","236,123",168.1 km2,"1,472/km2",33.2829°N 111.8549°W
85,Scottsdale, Arizona,"246,645","217,385",476.3 km2,518/km2,33.6843°N 111.8611°W
86,Glendale, Arizona,"245,895","226,721",153.1 km2,"1,607/km2",33.5331°N 112.1899°W
87,Reno, Nevada,"245,255","225,221",277.9 km2,883/km2,39.5491°N 119.8499°W
88,Norfolk[16], Virginia,"245,115","242,803",138.0 km2,"1,776/km2",36.9230°N 76.2446°W
89,Winston–Salem, North Carolina,"242,203","229,617",343.2 km2,706/km2,36.1027°N 80.2610°W
90,North Las Vegas, Nevada,"238,702","216,961",253.8 km2,941/km2,36.2857°N 115.0939°W
91,Irving, Texas,"238,289","216,290",173.5 km2,"1,373/km2",32.8577°N 96.9700°W
92,Chesapeake[16], Virginia,"237,940","222,209",876.7 km2,271/km2,36.6794°N 76.3018°W
93,Gilbert[20], Arizona,"237,133","208,453",176.1 km2,"1,346/km2",33.3103°N 111.7431°W
94,Hialeah, Florida,"236,387","224,669",55.7 km2,"4,245/km2",25.8699°N 80.3029°W
95,Garland, Texas,"234,943","226,876",147.6 km2,"1,592/km2",32.9098°N 96.6303°W
96,Fremont, California,"233,136","214,089",200.7 km2,"1,161/km2",37.4945°N 121.9412°W
97,Baton Rouge[21], Louisiana,"227,715","229,493",222.5 km2,"1,024/km2",30.4422°N 91.1309°W
98,Richmond[16], Virginia,"223,170","204,214",154.9 km2,"1,441/km2",37.5314°N 77.4760°W
99,Boise[22], Idaho,"223,154","205,671",212.6 km2,"1,049/km2",43.6002°N 116.2317°W
100,San Bernardino, California,"216,239","209,924",159.3 km2,"1,358/km2",34.1416°N 117.2936°W
101,Spokane, Washington,"215,973","208,916",177.9 km2,"1,214/km2",47.6669°N 117.4333°W
102,Des Moines, Iowa,"215,472","203,433",230.2 km2,936/km2,41.5726°N 93.6102°W
103,Modesto, California,"212,175","201,165",111.4 km2,"1,905/km2",37.6375°N 121.0030°W
104,Birmingham, Alabama,"212,157","212,237",378.4 km2,561/km2,33.5274°N 86.7990°W
105,Tacoma, Washington,"211,277","198,397",128.7 km2,"1,641/km2",47.2522°N 122.4598°W
106,Fontana, California,"209,665","196,069",111.4 km2,"1,883/km2",34.1090°N 117.4629°W
107,Rochester, New York,"208,880","210,565",92.7 km2,"2,253/km2",43.1699°N 77.6169°W
108,Oxnard, California,"207,906","197,899",69.7 km2,"2,984/km2",34.2023°N 119.2046°W
109,Moreno Valley, California,"205,499","193,365",132.9 km2,"1,547/km2",33.9233°N 117.2057°W
110,Fayetteville, North Carolina,"204,759","200,564",382.5 km2,535/km2,35.0828°N 78.9735°W
111,Aurora, Illinois,"201,110","197,899",116.3 km2,"1,729/km2",41.7635°N 88.2901°W
112,Glendale, California,"200,831","191,719",78.7 km2,"2,551/km2",34.1814°N 118.2458°W
113,Yonkers, New York,"200,807","195,976",46.6 km2,"4,307/km2",40.9459°N 73.8674°W
114,Huntington Beach, California,"200,652","189,992",69.7 km2,"2,880/km2",33.6906°N 118.0093°W
115,Montgomery, Alabama,"200,022","205,764",413.9 km2,483/km2,32.3472°N 86.2661°W
116,Amarillo, Texas,"199,582","190,695",262.6 km2,760/km2,35.1999°N 101.8302°W
117,Little Rock, Arkansas,"198,541","193,524",307.4 km2,646/km2,34.7254°N 92.3586°W
118,Akron, Ohio,"197,633","199,110",160.6 km2,"1,231/km2",41.0805°N 81.5214°W
119,Columbus[23], Georgia,"197,485","189,885",560.5 km2,353/km2,32.5102°N 84.8749°W
120,Augusta[24], Georgia,"197,081","195,844",783.5 km2,252/km2,33.3655°N 82.0734°W
121,Grand Rapids, Michigan,"196,445","188,040",115.0 km2,"1,708/km2",42.9612°N 85.6556°W
122,Shreveport, Louisiana,"194,920","199,311",277.4 km2,700/km2,32.4669°N 93.7922°W
123,Salt Lake City, Utah,"193,744","186,440",288.0 km2,673/km2,40.7769°N 111.9310°W
124,Huntsville, Alabama,"193,079","180,105",552.7 km2,349/km2,34.6990°N 86.6730°W
125,Mobile, Alabama,"192,904","195,111",361.0 km2,534/km2,30.6684°N 88.1002°W
126,Tallahassee, Florida,"190,894","181,376",260.0 km2,734/km2,30.4551°N 84.2534°W
127,Grand Prairie, Texas,"190,682","175,396",187.3 km2,"1,018/km2",32.6869°N 97.0211°W
128,Overland Park, Kansas,"188,966","173,372",194.5 km2,971/km2,38.8890°N 94.6906°W
129,Knoxville, Tennessee,"186,239","178,874",255.1 km2,730/km2,35.9707°N 83.9493°W
130,Port St. Lucie, Florida,"185,132","164,603",307.9 km2,601/km2,27.2806°N 80.3883°W
131,Worcester, Massachusetts,"184,508","181,045",96.9 km2,"1,905/km2",42.2695°N 71.8078°W
132,Brownsville, Texas,"183,823","175,023",343.2 km2,536/km2,25.9991°N 97.4550°W
133,Tempe, Arizona,"182,498","161,719",103.6 km2,"1,761/km2",33.3884°N 111.9318°W
134,Santa Clarita, California,"181,972","176,320",136.8 km2,"1,331/km2",34.4030°N 118.5042°W
135,Newport News[16], Virginia,"181,825","180,719",179.0 km2,"1,016/km2",37.0762°N 76.5220°W
136,Cape Coral, Florida,"179,804","154,305",273.5 km2,658/km2,26.6432°N 81.9974°W
137,Providence, Rhode Island,"179,219","178,042",47.7 km2,"3,760/km2",41.8231°N 71.4188°W
138,Fort Lauderdale, Florida,"178,752","165,521",89.6 km2,"1,995/km2",26.1412°N 80.1467°W
139,Chattanooga, Tennessee,"177,571","167,674",370.6 km2,479/km2,35.0660°N 85.2484°W
140,Rancho Cucamonga, California,"176,534","165,269",103.6 km2,"1,704/km2",34.1233°N 117.5642°W
141,Oceanside, California,"175,464","167,086",107.0 km2,"1,641/km2",33.2245°N 117.3062°W
142,Santa Rosa, California,"175,155","167,815",107.0 km2,"1,637/km2",38.4468°N 122.7061°W
143,Garden Grove, California,"174,858","170,883",46.6 km2,"3,751/km2",33.7788°N 117.9605°W
144,Vancouver, Washington,"174,826","161,791",121.5 km2,"1,439/km2",45.6349°N 122.5957°W
145,Sioux Falls, South Dakota,"174,360","153,888",195.3 km2,893/km2,43.5383°N 96.7320°W
146,Ontario, California,"173,212","163,924",129.2 km2,"1,340/km2",34.0394°N 117.6042°W
147,McKinney, Texas,"172,298","131,117",163.2 km2,"1,056/km2",33.1985°N 96.6680°W
148,Elk Grove, California,"169,743","153,015",109.3 km2,"1,553/km2",38.4146°N 121.3850°W
149,Jackson, Mississippi,"169,148","173,514",287.5 km2,588/km2,32.3158°N 90.2128°W
150,Pembroke Pines, Florida,"168,587","154,019",85.5 km2,"1,973/km2",26.0210°N 80.3404°W
151,Salem, Oregon,"167,419","154,637",125.9 km2,"1,330/km2",44.9237°N 123.0232°W
152,Springfield, Missouri,"167,319","159,498",213.2 km2,785/km2,37.1942°N 93.2913°W
153,Corona, California,"166,785","152,374",102.3 km2,"1,630/km2",33.8620°N 117.5655°W
154,Eugene, Oregon,"166,575","156,185",114.2 km2,"1,458/km2",44.0567°N 123.1162°W
155,Fort Collins, Colorado,"164,207","143,986",144.5 km2,"1,136/km2",40.5482°N 105.0648°W
156,Peoria, Arizona,"164,173","154,065",455.1 km2,361/km2,33.7862°N 112.3080°W
157,Frisco, Texas,"163,656","116,989",175.3 km2,933/km2,33.1554°N 96.8226°W
158,Cary[25], North Carolina,"162,320","135,234",146.3 km2,"1,109/km2",35.7809°N 78.8133°W
159,Lancaster, California,"160,106","156,633",244.2 km2,656/km2,34.6936°N 118.1753°W
160,Hayward, California,"158,937","144,186",117.8 km2,"1,349/km2",37.6287°N 122.1024°W
161,Palmdale, California,"157,356","152,750",274.5 km2,573/km2,34.5910°N 118.1054°W
162,Salinas, California,"157,218","150,441",61.1 km2,"2,572/km2",36.6902°N 121.6337°W
163,Alexandria[16], Virginia,"155,810","139,966",38.8 km2,"4,010/km2",38.8201°N 77.0841°W
164,Lakewood, Colorado,"154,393","142,980",111.1 km2,"1,390/km2",39.6989°N 105.1176°W
165,Springfield, Massachusetts,"154,074","153,060",82.6 km2,"1,860/km2",42.1155°N 72.5400°W
166,Pasadena, Texas,"153,351","149,043",112.7 km2,"1,361/km2",29.6586°N 95.1506°W
167,Sunnyvale, California,"152,771","140,081",57.0 km2,"2,681/km2",37.3858°N 122.0263°W
168,Macon[26], Georgia,"152,555","91,351",645.7 km2,236/km2,32.8088°N 83.6942°W
169,Pomona, California,"152,494","149,058",59.6 km2,"2,560/km2",34.0585°N 117.7611°W
170,Hollywood, Florida,"151,998","140,768",70.7 km2,"2,150/km2",26.0310°N 80.1646°W
171,Kansas City[27], Kansas,"151,709","145,786",323.2 km2,470/km2,39.1225°N 94.7418°W
172,Escondido, California,"151,613","143,911",96.1 km2,"1,578/km2",33.1331°N 117.0740°W
173,Clarksville, Tennessee,"150,287","132,929",254.6 km2,590/km2,36.5664°N 87.3452°W
174,Joliet, Illinois,"148,262","147,433",166.8 km2,889/km2,41.5177°N 88.1488°W
175,Rockford, Illinois,"147,651","152,871",164.5 km2,898/km2,42.2588°N 89.0646°W
176,Torrance, California,"147,195","145,438",53.1 km2,"2,770/km2",33.8350°N 118.3414°W
177,Naperville, Illinois,"147,122","141,853",100.2 km2,"1,468/km2",41.7492°N 88.1620°W
178,Paterson, New Jersey,"147,000","146,199",21.8 km2,"6,800/km2",40.9148°N 74.1628°W
179,Savannah, Georgia,"146,763","136,286",268.3 km2,547/km2,32.0025°N 81.1536°W
180,Bridgeport, Connecticut,"145,936","144,229",41.7 km2,"3,500/km2",41.1874°N 73.1958°W
181,Mesquite, Texas,"143,736","139,824",122.2 km2,"1,176/km2",32.7629°N 96.5888°W
182,Killeen, Texas,"143,400","127,921",138.6 km2,"1,030/km2",31.0777°N 97.7320°W
183,Syracuse, New York,"143,378","145,170",64.7 km2,"2,214/km2",43.0410°N 76.1436°W
184,McAllen, Texas,"142,212","129,877",151.3 km2,940/km2,26.2322°N 98.2464°W
185,Pasadena, California,"142,059","137,122",59.6 km2,"2,385/km2",34.1606°N 118.1396°W
186,Bellevue, Washington,"141,400","122,363",86.8 km2,"1,630/km2",47.5979°N 122.1565°W
187,Fullerton, California,"140,721","135,161",58.0 km2,"2,425/km2",33.8857°N 117.9280°W
188,Orange, California,"140,504","136,416",65.8 km2,"2,136/km2",33.7870°N 117.8613°W
189,Dayton, Ohio,"140,489","141,527",144.3 km2,974/km2,39.7774°N 84.1996°W
190,Miramar, Florida,"138,449","122,041",76.1 km2,"1,818/km2",25.9770°N 80.3358°W
191,Thornton, Colorado,"136,703","118,772",92.5 km2,"1,478/km2",39.9194°N 104.9428°W
192,West Valley City, Utah,"136,574","129,480",91.9 km2,"1,485/km2",40.6885°N 112.0118°W
193,Olathe, Kansas,"135,473","125,872",157.7 km2,859/km2,38.8843°N 94.8195°W
194,Hampton[16], Virginia,"135,410","137,436",133.4 km2,"1,015/km2",37.0480°N 76.2971°W
195,Warren, Michigan,"135,125","134,056",89.1 km2,"1,517/km2",42.4929°N 83.0250°W
196,Midland, Texas,"134,610","111,147",192.7 km2,698/km2,32.0246°N 102.1135°W
197,Waco, Texas,"134,432","124,805",230.5 km2,580/km2,31.5601°N 97.1860°W
198,Charleston, South Carolina,"134,385","120,083",282.3 km2,476/km2,32.8179°N 79.9590°W
199,Columbia, South Carolina,"134,309","129,272",345.8 km2,388/km2,34.0291°N 80.8980°W
200,Denton, Texas,"133,808","113,383",241.9 km2,553/km2,33.2166°N 97.1414°W
201,Carrollton, Texas,"133,351","119,097",94.0 km2,"1,419/km2",32.9884°N 96.8998°W
202,Surprise, Arizona,"132,677","117,517",279.5 km2,470/km2,33.6706°N 112.4527°W
203,Roseville, California,"132,671","118,788",111.4 km2,"1,191/km2",38.7690°N 121.3189°W
204,Sterling Heights, Michigan,"132,427","129,699",94.5 km2,"1,401/km2",42.5812°N 83.0303°W
205,Murfreesboro, Tennessee,"131,947","108,755",144.8 km2,910/km2,35.8522°N 86.4160°W
206,Gainesville, Florida,"131,591","124,354",161.4 km2,815/km2,29.6788°N 82.3461°W
207,Cedar Rapids, Iowa,"131,127","126,326",183.4 km2,715/km2,41.9670°N 91.6778°W
208,Visalia, California,"131,074","124,442",97.1 km2,"1,349/km2",36.3273°N 119.3289°W
209,Coral Springs, Florida,"130,059","121,096",61.6 km2,"2,110/km2",26.2707°N 80.2593°W
210,New Haven, Connecticut,"129,934","129,779",48.4 km2,"2,683/km2",41.3108°N 72.9250°W
211,Stamford, Connecticut,"129,113","122,643",97.4 km2,"1,326/km2",41.0799°N 73.5460°W
212,Thousand Oaks, California,"128,888","126,683",143.0 km2,902/km2,34.1933°N 118.8742°W
213,Concord, California,"128,726","122,067",79.0 km2,"1,630/km2",37.9722°N 122.0016°W
214,Elizabeth, New Jersey,"128,640","124,969",31.9 km2,"4,038/km2",40.6664°N 74.1935°W
215,Lafayette[28], Louisiana,"127,626","120,623",139.3 km2,916/km2,30.2074°N 92.0285°W
216,Kent, Washington,"127,514","92,411",87.3 km2,"1,461/km2",47.3880°N 122.2127°W
217,Topeka, Kansas,"126,808","127,473",159.3 km2,796/km2,39.0347°N 95.6962°W
218,Simi Valley, California,"126,327","124,237",107.5 km2,"1,175/km2",34.2669°N 118.7485°W
219,Santa Clara, California,"125,948","116,468",47.7 km2,"2,643/km2",37.3646°N 121.9679°W
220,Athens[29], Georgia,"123,371","115,452",301.5 km2,410/km2,33.9496°N 83.3701°W
221,Hartford, Connecticut,"123,243","124,775",45.1 km2,"2,735/km2",41.7659°N 72.6816°W
222,Victorville, California,"122,265","115,903",189.8 km2,644/km2,34.5277°N 117.3536°W
223,Abilene, Texas,"122,225","117,063",276.4 km2,442/km2,32.4545°N 99.7381°W
224,Norman, Oklahoma,"122,180","110,925",463.1 km2,264/km2,35.2406°N 97.3453°W
225,Vallejo, California,"121,299","115,942",79.5 km2,"1,525/km2",38.1079°N 122.2640°W
226,Berkeley, California,"121,240","112,580",27.2 km2,"4,458/km2",37.8670°N 122.2991°W
227,Round Rock, Texas,"120,892","99,887",92.2 km2,"1,311/km2",30.5252°N 97.6660°W
228,Ann Arbor, Michigan,"120,782","113,934",72.8 km2,"1,659/km2",42.2761°N 83.7309°W
229,Fargo,  North Dakota,"120,762","105,549",127.7 km2,950/km2,46.8652°N 96.8290°W
230,Columbia, Missouri,"120,612","108,500",168.3 km2,717/km2,38.9473°N 92.3264°W
231,Allentown, Pennsylvania,"120,443","118,032",45.3 km2,"2,657/km2",40.5936°N 75.4784°W
232,Evansville, Indiana,"119,477","117,429",122.5 km2,975/km2,37.9877°N 87.5347°W
233,Beaumont, Texas,"118,299","118,296",212.6 km2,556/km2,30.0849°N 94.1453°W
234,Odessa, Texas,"117,871","99,940",117.1 km2,"1,007/km2",31.8838°N 102.3411°W
235,Wilmington, North Carolina,"117,525","106,476",133.6 km2,880/km2,34.2092°N 77.8858°W
236,Arvada, Colorado,"117,453","106,433",100.0 km2,"1,175/km2",39.8337°N 105.1503°W
237,Independence, Missouri,"117,030","116,830",201.5 km2,581/km2,39.0855°N 94.3521°W
238,Provo, Utah,"116,868","112,488",108.0 km2,"1,082/km2",40.2453°N 111.6448°W
239,Lansing, Michigan,"116,020","114,297",101.3 km2,"1,146/km2",42.7143°N 84.5593°W
240,El Monte, California,"115,807","113,475",24.9 km2,"4,658/km2",34.0746°N 118.0291°W
241,Springfield, Illinois,"115,715","116,250",155.7 km2,743/km2,39.7911°N 89.6446°W
242,Fairfield, California,"114,756","105,321",105.9 km2,"1,083/km2",38.2593°N 122.0321°W
243,Clearwater, Florida,"114,361","107,685",67.1 km2,"1,705/km2",27.9789°N 82.7666°W
244,Peoria, Illinois,"114,265","115,007",124.8 km2,915/km2,40.7515°N 89.6174°W
245,Rochester, Minnesota,"114,011","106,769",141.4 km2,806/km2,44.0154°N 92.4772°W
246,Carlsbad, California,"113,952","105,328",97.6 km2,"1,167/km2",33.1239°N 117.2828°W
247,Westminster, Colorado,"113,875","106,114",82.1 km2,"1,387/km2",39.8822°N 105.0644°W
248,West Jordan, Utah,"113,699","103,712",83.7 km2,"1,360/km2",40.6024°N 112.0008°W
249,Pearland, Texas,"113,570","91,252",119.9 km2,947/km2,29.5558°N 95.3231°W
250,Richardson, Texas,"113,347","99,223",74.1 km2,"1,530/km2",32.9723°N 96.7081°W
251,Downey, California,"113,267","111,772",32.1 km2,"3,527/km2",33.9382°N 118.1309°W
252,Miami Gardens, Florida,"113,058","107,167",47.1 km2,"2,398/km2",25.9489°N 80.2436°W
253,Temecula, California,"113,054","100,097",96.6 km2,"1,170/km2",33.4931°N 117.1317°W
254,Costa Mesa, California,"112,822","109,960",40.7 km2,"2,775/km2",33.6659°N 117.9123°W
255,College Station, Texas,"112,141","93,857",132.1 km2,849/km2,30.5852°N 96.2964°W
256,Elgin, Illinois,"112,123","108,188",96.9 km2,"1,158/km2",42.0396°N 88.3217°W
257,Murrieta, California,"111,674","103,466",87.0 km2,"1,283/km2",33.5721°N 117.1904°W
258,Gresham, Oregon,"111,523","105,594",60.3 km2,"1,848/km2",45.5023°N 122.4416°W
259,High Point, North Carolina,"111,223","104,371",143.0 km2,778/km2,35.9900°N 79.9905°W
260,Antioch, California,"110,898","102,372",76.1 km2,"1,456/km2",37.9791°N 121.7962°W
261,Inglewood, California,"110,654","109,673",23.6 km2,"4,700/km2",33.9561°N 118.3443°W
262,Cambridge, Massachusetts,"110,651","105,162",16.6 km2,"6,675/km2",42.3760°N 71.1187°W
263,Lowell, Massachusetts,"110,558","106,519",35.2 km2,"3,139/km2",42.6390°N 71.3211°W
264,Manchester, New Hampshire,"110,506","109,565",85.7 km2,"1,289/km2",42.9849°N 71.4441°W
265,Billings, Montana,"110,323","104,170",113.2 km2,975/km2,45.7885°N 108.5499°W
266,Pueblo, Colorado,"110,291","106,595",138.8 km2,795/km2,38.2699°N 104.6123°W
267,Palm Bay, Florida,"110,104","103,190",170.2 km2,647/km2,27.9856°N 80.6626°W
268,Centennial, Colorado,"109,932","100,377",76.4 km2,"1,439/km2",39.5906°N 104.8691°W
269,Richmond, California,"109,813","103,701",78.0 km2,"1,409/km2",37.9523°N 122.3606°W
270,Ventura[30], California,"109,592","106,433",56.5 km2,"1,941/km2",34.2678°N 119.2542°W
271,Pompano Beach, Florida,"109,393","99,845",62.2 km2,"1,760/km2",26.2416°N 80.1339°W
272,North Charleston, South Carolina,"109,298","97,471",190.9 km2,573/km2,32.9178°N 80.0650°W
273,Everett, Washington,"109,043","103,019",86.2 km2,"1,264/km2",47.9566°N 122.1914°W
274,Waterbury, Connecticut,"108,272","110,366",73.8 km2,"1,467/km2",41.5585°N 73.0367°W
275,West Palm Beach, Florida,"108,161","99,919",142.7 km2,758/km2,26.7464°N 80.1251°W
276,Boulder, Colorado,"108,090","97,385",64.2 km2,"1,683/km2",40.0270°N 105.2519°W
277,West Covina, California,"107,847","106,098",41.4 km2,"2,600/km2",34.0559°N 117.9099°W
278,Broken Arrow, Oklahoma,"107,403","98,850",159.8 km2,672/km2,36.0365°N 95.7810°W
279,Clovis, California,"106,583","95,631",62.7 km2,"1,700/km2",36.8282°N 119.6849°W
280,Daly City, California,"106,472","101,123",19.7 km2,"5,409/km2",37.7009°N 122.4650°W
281,Lakeland, Florida,"106,420","97,422",170.7 km2,624/km2,28.0555°N 81.9549°W
282,Santa Maria, California,"106,290","99,553",59.1 km2,"1,800/km2",34.9332°N 120.4438°W
283,Norwalk, California,"106,178","105,549",25.1 km2,"4,226/km2",33.9076°N 118.0835°W
284,Sandy Springs, Georgia,"105,703","93,853",97.6 km2,"1,083/km2",33.9315°N 84.3687°W
285,Hillsboro, Oregon,"105,164","91,611",64.7 km2,"1,624/km2",45.5280°N 122.9357°W
286,Green Bay, Wisconsin,"105,139","104,057",117.6 km2,894/km2,44.5207°N 87.9842°W
287,Tyler, Texas,"104,798","96,900",146.6 km2,715/km2,32.3173°N 95.3059°W
288,Wichita Falls, Texas,"104,724","104,553",187.0 km2,560/km2,33.9067°N 98.5259°W
289,Lewisville, Texas,"104,659","95,290",95.1 km2,"1,101/km2",33.0466°N 96.9818°W
290,Burbank, California,"104,447","103,340",45.1 km2,"2,318/km2",34.1901°N 118.3264°W
291,Greeley, Colorado,"103,990","92,889",123.8 km2,840/km2,40.4153°N 104.7697°W
292,San Mateo, California,"103,959","97,207",31.3 km2,"3,317/km2",37.5603°N 122.3106°W
293,El Cajon, California,"103,768","99,478",37.6 km2,"2,763/km2",32.8017°N 116.9604°W
294,Jurupa Valley, California,"103,541",0,111.1 km2,932/km2,34.0026°N 117.4676°W
295,Rialto, California,"103,314","99,171",57.8 km2,"1,789/km2",34.1118°N 117.3883°W
296,Davenport, Iowa,"102,612","99,685",162.9 km2,630/km2,41.5541°N 90.6040°W
297,League City, Texas,"102,010","83,560",132.6 km2,769/km2,29.4901°N 95.1091°W
298,Edison[32], New Jersey,"101,996","99,967",78.0 km2,"1,309/km2",40.5040°N 74.3494°W
299,Davie[33], Florida,"101,871","91,992",90.4 km2,"1,127/km2",26.0791°N 80.2850°W
300,Las Cruces, New Mexico,"101,759","97,618",199.2 km2,511/km2,32.3264°N 106.7897°W
301,South Bend, Indiana,"101,735","101,168",107.2 km2,949/km2,41.6769°N 86.2690°W
302,Vista, California,"101,659","93,834",48.4 km2,"2,099/km2",33.1895°N 117.2386°W
303,Woodbridge[32], New Jersey,"101,389","99,585",60.3 km2,"1,680/km2",40.5607°N 74.2927°W
304,Renton, Washington,"100,953","90,927",60.6 km2,"1,666/km2",47.4761°N 122.1920°W
305,Lakewood[32], New Jersey,"100,758","92,843",64.0 km2,"1,575/km2",40.0771°N 74.2004°W
306,San Angelo, Texas,"100,702","93,200",155.1 km2,649/km2,31.4411°N 100.4505°W
307,Clinton[34], Michigan,"100,392","96,796",72.8 km2,"1,380/km2",42.5903°N 82.9170°W